"Star_idx","star_name","distance from the sun","Temperature","STAR MASS","STAR RADIUS","Relative Luminosity","stellar class"
9596,"Ronin's Horizon",1390.63,2652,0.24045,0.02111,0.06618,"M|4|V"
4109,"Zubenelgenubi",36.9,2997,0.29503,0.04342,0.06601,"M|4|V"
524,"Ombraflux",586.166,2679,0.3297,0.44758,0.00439,"M|5|V"
2147,"Fomalhaut",332.5,3787,0.65417,0.94423,0.57601,"K|7|V"
848,"Helian Nebula",596.09,2491,0.3725,0.19178,0.02681,"M|5|V"
1368,"Mjornir",1076.48,2650,0.26439,0.02788,0.05114,"M|7|V"
8822,"Pipirima",56.5,2804,0.38982,0.14311,0.04944,"M|4|V"
6952,"Toliman",374.615,3887,0.54681,0.82328,0.55587,"K|2|V"
7461,"Funi",40.3,4691,0.78936,0.7644,0.49197,"K|2|V"
6229,"Tianguan",34.3,2652,0.41187,0.27722,0.01012,"M|6|V"
2805,"Deneb",130.855,2483,0.41421,0.27954,0.00088,"M|7|V"
5182,"Cleopatra's Loom",358.41,4433,0.71163,0.82944,0.12452,"K|3|V"
5134,"Liesma",277.7,2644,0.28771,0.2218,0.05382,"M|6|V"
162,"Cerulean Cryptic",310.6,3230,0.21577,0.03933,0.06547,"M|2|V"
1282,"Rigel",285.739,4697,0.63102,0.91791,0.27343,"K|2|V"
4095,"Cerulean Abyss",89.1,2407,0.36581,0.19604,0.02264,"M|7|V"
1344,"Kaveh",31.17,2603,0.36469,0.34463,0.07867,"M|5|V"
3942,"Aladfar",4019,2902,0.41173,0.1395,0.03272,"M|5|V"
5528,"Lunar Quasar",214.58,2637,0.22657,0.62684,0.00378,"M|1|V"
5911,"Riftwanderer",113.072,5814,0.8083,1.14277,0.63729,"G|2|V"
8691,"Bharani",6700,2745,0.39441,0.18786,0.05145,"M|5|V"
7858,"Ryusei Radiance",114.07,5543,0.92057,1.01563,0.69299,"G|5|V"
7744,"Kang",42.3,2715,0.34847,0.28786,0.03117,"M|5|V"
1213,"Nebulium",49.4156,5338,0.82468,1.1064,1.06084,"G|2|V"
3143,"Icarian Cipher",11,2666,0.33025,0.67834,0.07137,"M|2|V"
2591,"Aetherial Mirage",158,3765,0.5121,0.89949,0.27819,"K|6|V"
8900,"Nebuloria",706.265,2606,0.30153,0.62693,0.06868,"M|6|V"
8322,"Vortexion",94,3378,0.12941,0.67632,0.06563,"M|1|V"
3722,"Gakyid",191.5,2586,0.09767,0.57102,0.01571,"M|7|V"
4120,"Galaxara",557.134,2404,0.36521,0.39401,0.02945,"M|7|V"
3737,"Quantum Radiance",61.5,2493,0.4197,0.63884,0.00584,"M|2|V"
9578,"Naos",1116.69,5505,0.84834,1.00916,1.35548,"G|2|V"
9128,"Aurum Obscura",850.774,2962,0.17243,0.30024,0.04774,"M|0|V"
7203,"Nekkar",370.563,2754,0.08596,0.67815,0.04968,"M|3|V"
9698,"Lunacara",369.66,3227,0.17278,0.31693,0.06785,"M|2|V"
8921,"Crimson Enigma",593.87,2621,0.3886,0.31721,0.07628,"M|5|V"
9149,"Cosmaronix",47.43,3013,0.34195,0.38146,0.01981,"M|3|V"
9137,"Kaffaljidhma",1292.49,2891,0.25585,0.38281,0.00336,"M|2|V"
9374,"Astrophia",429.55,3103,0.3256,0.13458,0.06158,"M|0|V"
5336,"Nebulionara",201.856,3267,0.28321,0.02447,0.0581,"M|3|V"
9317,"Astral Mirage",395.196,4267,0.56565,0.72756,0.5745,"K|5|V"
8761,"Ninja's Radiance",386.07,3243,0.35482,0.46607,0.05901,"M|2|V"
601,"Lysian Nexus",930.233,4686,0.6865,0.7994,0.38466,"K|2|V"
8049,"Quantronix",343.99,3036,0.36232,0.39642,0.04277,"M|1|V"
6689,"Mazaalai",1230.24,2441,0.23917,0.60522,0.07928,"M|4|V"
2148,"Citadelle",312.666,4105,0.79607,0.87863,0.49954,"K|2|V"
5024,"Albaldah",191,2572,0.10117,0.06342,0.03009,"M|6|V"
8976,"Wazn",913.325,2560,0.20792,0.55866,0.00952,"M|5|V"
7184,"Denebola",268.515,2683,0.2476,0.45022,0.07469,"M|4|V"
1914,"Stellarnova",345.3,3023,0.13782,0.30597,0.0686,"M|2|V"
1966,"Cosmoflare",538.387,3035,0.09222,0.24896,0.06651,"M|4|V"
7463,"Menkar",1867.58,4281,0.55937,0.80195,0.18347,"K|3|V"
1142,"Revati",788.98,5467,0.82162,1.04974,1.19783,"G|3|V"
5609,"Solaraflux",783.666,2708,0.44798,0.55596,0.03507,"M|2|V"
510,"Zenithria",296.63,4332,0.73432,0.92159,0.22277,"K|3|V"
7491,"Zhang",651.31,2877,0.37899,0.44817,0.03845,"M|3|V"
5646,"Ravenfury",186.6,4280,0.46062,0.92353,0.15658,"K|2|V"
2109,"Furud",512.899,2426,0.29531,0.15513,0.06391,"M|8|V"
4746,"Alpheratz",894.5,4054,0.56837,0.74431,0.33498,"K|4|V"
6230,"Elnath",674.627,2718,0.34478,0.10195,0.02768,"M|0|V"
7156,"Shaula",144.202,2512,0.28552,0.17565,0.06762,"M|4|V"
5861,"Arcanum Flux",686,3995,0.54774,0.70162,0.5481,"K|7|V"
8095,"Chamukuy",1047.34,2448,0.39925,0.20474,0.01847,"M|8|V"
636,"Aludra",156.264,2543,0.35808,0.01243,0.01981,"M|1|V"
7028,"Baten Kaitos",889.838,2830,0.44327,0.36619,0.04038,"M|2|V"
2744,"Skat",79.2,3115,0.41197,0.20976,0.01435,"M|1|V"
753,"Celestial Ember",1434.42,5390,0.93778,1.01849,0.75928,"G|5|V"
9060,"Kaze Celestial",774.653,5684,1.00561,1.06628,0.67192,"G|2|V"
6291,"Taiyangshou",61.543,4278,0.76804,0.72516,0.34626,"K|5|V"
9306,"Vesperian Whimsy",115.665,3312,0.25638,0.0074,0.04411,"M|1|V"
4956,"Guniibuu",1243.78,2840,0.23226,0.45801,0.0199,"M|2|V"
2673,"Nebulaflux",1546.55,2514,0.4224,0.37293,0.07036,"M|8|V"
8612,"Nebulithium",1104.52,4419,0.76968,0.85179,0.2601,"K|3|V"
9411,"Spectrion",310.5,3187,0.21083,0.0595,0.06646,"M|2|V"
289,"Solarion",564.1,2831,0.30782,0.65381,0.00557,"M|5|V"
4378,"Bunda",39.3466,2848,0.26786,0.4621,0.01682,"M|5|V"
8418,"Natasha",6300,2606,0.27717,0.16865,0.01195,"M|4|V"
7974,"Bonsai Silence",2055.57,3740,0.655,0.87834,0.44783,"K|7|V"
8463,"Eagleeye",64.7,3864,0.47341,0.73149,0.1127,"K|0|V"
5155,"Radiancea",525.072,4187,0.65711,0.88729,0.35455,"K|2|V"
5836,"Umi Celestial",61.12469,2964,0.30575,0.52076,0.06553,"M|4|V"
1947,"Keid",1823.49,3756,0.50017,0.78009,0.20678,"K|2|V"
3151,"Aquilan Cipher",968.429,2833,0.31937,0.57483,0.02446,"M|2|V"
8943,"Kōri Resonance",14.9861,5637,0.92672,1.1345,1.2671,"G|4|V"
3360,"Arcadian Whispers",701.262,3007,0.22193,0.08438,0.06272,"M|0|V"
3203,"Aetherionis",1140.51,3476,0.09534,0.473,0.0025,"M|0|V"
6462,"Megrez",19.19,2686,0.12384,0.1355,0.01984,"M|5|V"
4591,"Stellar Whisper",538.967,3749,0.56513,0.72017,0.40366,"K|7|V"
1744,"Kachō",758.7,3012,0.16199,0.05797,0.04591,"M|1|V"
367,"Maia",680.596,3748,0.457,0.935,0.33275,"K|5|V"
5407,"Nikawiy",873.82,3887,0.46125,0.90938,0.37959,"K|1|V"
1982,"Clandestine Nebula",261.253,5485,0.97632,1.02407,0.91049,"G|4|V"
5852,"Thunderhoof",1778.73,4345,0.73738,0.92686,0.34255,"K|5|V"
5542,"Penumbralix",631.114,2421,0.1038,0.18421,0.01931,"M|7|V"
8876,"Ephemeral Phoenix",1307.52,4473,0.50377,0.72882,0.45557,"K|3|V"
3047,"Aurora Phantasm",428.3,4103,0.70316,0.81496,0.27987,"K|3|V"
6936,"Aquilan Anomaly",26.52,5342,0.81805,1.06766,0.86441,"G|4|V"
3362,"Starshara",873.668,2603,0.19141,0.14316,0.05244,"M|4|V"
9767,"Sadachbia",774.33,5373,0.80691,1.0084,1.04795,"G|2|V"
7989,"Darkonium",676.224,3039,0.33902,0.39005,0.0223,"M|3|V"
2272,"Musica",345.9,2614,0.3342,0.25822,0.0521,"M|7|V"
3396,"Bubup",474.654,2843,0.18411,0.45456,0.06346,"M|1|V"
6672,"Sargas",1164.14,3224,0.40533,0.6446,0.04267,"M|3|V"
5853,"Tupã",47,2544,0.44803,0.6123,0.0363,"M|2|V"
4974,"Anubis' Echo",400,3941,0.46544,0.94212,0.45421,"K|5|V"
1646,"Ignitara",33.3,2487,0.15679,0.62047,0.01427,"M|5|V"
7399,"Mesarthim",37.36,2611,0.35979,0.59131,0.02281,"M|7|V"
2459,"Oborozuki",14.872,2477,0.10912,0.57795,0.07907,"M|3|V"
6018,"Samurai's Ember",47.4,3876,0.67477,0.70567,0.4771,"K|7|V"
2848,"Lurking Cosmos",643.59,4659,0.51689,0.86755,0.39013,"K|2|V"
5600,"Astrum Quasar",684.088,2887,0.21769,0.45331,0.01275,"M|3|V"
9830,"Minchir",24.6,3743,0.46381,0.94367,0.22232,"K|7|V"
8443,"Kornephoros",259.33,3986,0.7282,0.76671,0.38338,"K|5|V"
6541,"Nunki",1197.32,2627,0.44476,0.58369,0.01795,"M|5|V"
4032,"Heliconian Whispers",385.996,3214,0.27695,0.03243,0.05152,"M|3|V"
5657,"Starlight Haven",566.189,2683,0.38001,0.23608,0.03524,"M|6|V"
6192,"Celestara",25,5136,0.54308,0.90589,0.18025,"K|0|V"
7616,"Celestrium",1032.74,2552,0.11776,0.45577,0.03974,"M|2|V"
989,"Alhena",802.504,5414,0.82056,0.99961,0.63251,"G|4|V"
6862,"Kagayaki Celestial",49.3,2666,0.33171,0.69014,0.04536,"M|6|V"
5418,"Tislit",362.818,3064,0.30281,0.47236,0.03122,"M|3|V"
3229,"Inari's Threshold",267.74,2504,0.27339,0.52225,0.07513,"M|0|V"
7606,"Lilii Borea",1622.85,2921,0.08061,0.29798,0.05262,"M|2|V"
2665,"Ra's Echo",6.21,4162,0.73353,0.74662,0.52004,"K|6|V"
1479,"Phantasma",101.3,5209,0.82054,1.08726,0.79251,"G|4|V"
325,"Amansinaya",66,3101,0.18274,0.41059,0.07507,"M|2|V"
9664,"Mystic Expanse",265.4,3326,0.15763,0.41608,0.05372,"M|2|V"
2809,"Fang",326.4,3892,0.67163,0.70885,0.58537,"K|5|V"
5292,"Mekbuda",55.68,2898,0.21367,0.00468,0.02463,"M|1|V"
6032,"Solaris",380.6,2878,0.36588,0.66044,0.07429,"M|3|V"
3741,"Whalebone",995.223,3071,0.44929,0.31714,0.04197,"M|3|V"
4658,"Markab",1744.29,2494,0.15226,0.1997,0.00523,"M|1|V"
4164,"Cosmoth",696.1,3232,0.27897,0.66047,0.07702,"M|2|V"
494,"Uklun",1358.51,2483,0.10764,0.34916,0.06812,"M|4|V"
9289,"Alnilam",960,5378,0.91345,1.1026,1.45441,"G|2|V"
6958,"Hotaru Ascendance",637.024,4128,0.60861,0.76421,0.59324,"K|6|V"
421,"Exoplanix",27,5571,1.023,1.0986,0.71241,"G|2|V"
5676,"Obsidian Threshold",894.454,3323,0.263,0.57471,0.03581,"M|1|V"
9734,"Ignitionara",1305.99,3006,0.34125,0.52959,0.05393,"M|4|V"
6107,"Aldulfin",416.441,4886,0.46392,0.81134,0.49575,"K|0|V"
7957,"Rotanev",780,4519,0.49337,0.79681,0.38343,"K|2|V"
7313,"Astrylis",934.81,2408,0.1421,0.50519,0.0688,"M|7|V"
4926,"Adhafera",884.095,4464,0.47421,0.92223,0.37049,"K|0|V"
707,"Dracoara",313.12,2922,0.12097,0.16492,0.03033,"M|1|V"
8204,"Uchū Veil",46.34,3258,0.2544,0.57357,0.06215,"M|2|V"
6065,"Heliosys",734.62,2688,0.25381,0.69064,0.0688,"M|3|V"
6357,"Algorab",15.1,2482,0.33543,0.32609,0.00817,"M|8|V"
3098,"Minelauva",598.516,4223,0.50307,0.82007,0.12069,"K|2|V"
2450,"Wasat",113,3026,0.08266,0.66211,0.02575,"M|1|V"
8191,"Ukiyo Reverie",1216.22,2739,0.28806,0.39313,0.01335,"M|3|V"
8870,"Cosmosol",983.174,2550,0.28056,0.42755,0.05933,"M|3|V"
4671,"Markeb",59.7,5364,0.83306,1.01903,1.02219,"G|5|V"
1466,"Ma'at's Celestial",597.122,2523,0.185,0.32123,0.03089,"M|3|V"
902,"Mouhoun",786.287,3034,0.24117,0.15736,0.05872,"M|3|V"
934,"Maasym",358.5,3040,0.10699,0.54221,0.04967,"M|3|V"
7921,"Kamuy",12.21,3877,0.72388,0.81207,0.41044,"K|7|V"
7147,"Lesath",1577.36,2438,0.19836,0.37402,0.04833,"M|1|V"
7691,"Gienah",512.085,5405,0.95965,1.10428,1.01936,"G|3|V"
3245,"Márohu",352.5,4820,0.71466,0.81218,0.4793,"K|2|V"
1856,"Tamashī Labyrinth",1088.85,2745,0.34924,0.23776,0.0649,"M|4|V"
8787,"Kamikaze Ascendance",1086.1301,2802,0.30404,0.30708,0.04678,"M|2|V"
5354,"Cryptic Nebula",124.6,3742,0.66401,0.89058,0.59688,"K|3|V"
9803,"Ronin's Veil",365,2760,0.24275,0.4727,0.02195,"M|2|V"
4821,"Polaris",1002.12,2838,0.19736,0.44274,0.0649,"M|4|V"
1586,"Heliosara",647.501,3181,0.1381,0.69102,0.06171,"M|2|V"
8130,"Sadalsuud",536.855,5498,1.02781,1.09909,1.1165,"G|2|V"
4221,"Chaophraya",925.926,2775,0.09894,0.15822,0.0112,"M|4|V"
7992,"Quasarionyx",1384.64,4182,0.69797,0.79562,0.13253,"K|5|V"
5749,"Dalim",638.35,2551,0.31182,0.52866,0.01469,"M|2|V"
3572,"Axefall",197.2,2864,0.23426,0.30971,0.01431,"M|2|V"
1319,"Nebulosys",2850,5513,0.93155,0.98328,0.63166,"G|2|V"
2429,"Regulus",1001.2,4102,0.66972,0.92336,0.48705,"K|2|V"
50,"Celestros",12.43,3408,0.35926,0.30235,0.06597,"M|2|V"
1229,"Tsuki's Nebula",590.268,2875,0.12213,0.16192,0.04296,"M|5|V"
1596,"Wezen",398.137,5537,0.8962,1.09878,0.6433,"G|2|V"
6734,"Hadar",865.726,2681,0.31307,0.29003,0.07102,"M|4|V"
1144,"Sphinx Nebula",1257.23,5695,0.98007,1.0079,0.90074,"G|2|V"
6882,"Alnasl",113.39,2855,0.3522,0.44717,0.02878,"M|1|V"
9024,"Kaminari Enigma",46.35,3094,0.21314,0.6826,0.07418,"M|3|V"
6342,"Dschubba",1030.7,4531,0.47465,0.8563,0.56712,"K|2|V"
6738,"Isis Threshold",34.69,3220,0.09197,0.1202,0.02132,"M|3|V"
1544,"Flegetonte",43.12,5502,0.93255,1.10512,0.63547,"G|4|V"
205,"Algedi",61.89,2710,0.11668,0.52592,0.00505,"M|3|V"
6998,"Arneb",679.117,3059,0.38797,0.13812,0.06271,"M|4|V"
6164,"Khambalia",502.28,2927,0.37316,0.50939,0.00095,"M|5|V"
2029,"Albireo",219.614,2954,0.42158,0.15608,0.00413,"M|3|V"
8534,"Ebon Depths",56.163,2702,0.3807,0.30373,0.07083,"M|6|V"
7717,"Baekdu",951.022,5402,0.86387,1.01184,0.65282,"G|2|V"
9484,"Sylvarix",89.637,5502,0.98083,1.0419,0.68651,"G|4|V"
9634,"Anubis' Radiance",112.6,2517,0.35854,0.0716,0.05772,"M|5|V"
584,"Stardrake",919.62,2995,0.446,0.19263,0.0458,"M|2|V"
9943,"Nova Cascade",293.617,2839,0.44023,0.45764,0.02814,"M|5|V"
3933,"Marfik",480.869,2666,0.34915,0.09304,0.01029,"M|1|V"
1629,"Sceptrum",222.852,2629,0.14774,0.47663,0.00563,"M|3|V"
5305,"Vorpal Abyss",44.7,3486,0.2531,0.33151,0.03095,"M|0|V"
6361,"Giausar",892,2823,0.13008,0.00365,0.007,"M|1|V"
2120,"Hatysa",241.74,5212,0.99907,1.01405,1.27777,"G|5|V"
1008,"Vindemiatrix",6.2545,2557,0.40028,0.69803,0.07487,"M|7|V"
3815,"Kalausi",604.83,3388,0.20177,0.42669,0.02578,"M|2|V"
3496,"Anadolu",153.86,2539,0.21829,0.11858,0.06227,"M|0|V"
7179,"Quasarlynx",6120,3061,0.23787,0.31697,0.06532,"M|4|V"
314,"Nocturnal Silence",84.0126,4598,0.77576,0.87159,0.17383,"K|3|V"
7016,"Achernar",882.068,5338,0.91268,1.1013,1.42317,"G|3|V"
1000,"Luminous Ember",1553.0362,2801,0.17312,0.58086,0.03556,"M|5|V"
3311,"Rasalgethi",131.21,2423,0.42707,0.38205,0.02456,"M|5|V"
2121,"Tureis",1093.97,5343,0.91722,1.06196,1.02018,"G|4|V"
5491,"Setsuna",403.323,2879,0.37853,0.40803,0.06677,"M|2|V"
7525,"Vortexarian",456.122,5074,0.47504,0.79268,0.40214,"K|0|V"
9331,"Arkab Posterior",718.804,2827,0.32506,0.47062,0.06351,"M|5|V"
9431,"Theemin",6090,2544,0.12109,0.55664,0.01483,"M|8|V"
2460,"Hoshizora Seraph",96.2338,2931,0.40664,0.38277,0.06706,"M|0|V"
7381,"Alcyone",773.2,3308,0.12954,0.38998,0.06112,"M|2|V"
9990,"Spica",1474.71,2557,0.21255,0.57508,0.01619,"M|1|V"
2907,"Dubhe",1179.52,2495,0.13825,0.36472,0.00522,"M|8|V"
6818,"Starlight Shroud",536.14,3010,0.28232,0.1441,0.02165,"M|3|V"
3263,"Zaniah",7200,2655,0.37771,0.37541,0.01435,"M|2|V"
9662,"Vortexara",1946.66,3934,0.74894,0.80807,0.14795,"K|7|V"
8314,"Mahasim",137,5497,1.0149,1.1102,0.6876,"G|5|V"
7483,"Asellus Borealis",4.47,2605,0.426,0.47103,0.07555,"M|3|V"
791,"Nyamien",1595.15,5219,0.98816,1.00809,0.67177,"G|2|V"
1047,"Ukiyo's Resonance",513.107,4557,0.55825,0.74234,0.56975,"K|2|V"
6024,"Stellaria Crypt",1229.1,2458,0.30849,0.19871,0.02088,"M|6|V"
1832,"Titanium Enigma",373.622,3855,0.61522,0.77032,0.55342,"K|4|V"
7638,"Rastaban",557.993,2950,0.14949,0.12878,0.00891,"M|2|V"
1572,"Tsubasa Echoes",327,4364,0.62881,0.92131,0.46784,"K|3|V"
5774,"Acubens",6620,2781,0.28052,0.62102,0.02887,"M|5|V"
1592,"Lunaris",339.9,2797,0.35784,0.02626,0.07477,"M|3|V"
7517,"Merga",1801.48,2478,0.34888,0.388,0.02082,"M|2|V"
8104,"Stormcaller",784.129,5426,0.87513,1.10262,0.66045,"G|5|V"
3334,"Nile Celestial",308,2995,0.2872,0.43313,0.03582,"M|3|V"
3849,"Alderamin",1491.87,3320,0.33758,0.00485,0.06188,"M|2|V"
3370,"Nembus",620.091,2905,0.31655,0.42325,0.03715,"M|5|V"
8746,"Ebon Crypt",4.54,2540,0.29828,0.0633,0.03356,"M|8|V"
1913,"Orion's Elegance",31.6,5448,0.9511,1.10385,1.28262,"G|2|V"
548,"Penumbrion",414,4167,0.49857,0.86148,0.48524,"K|6|V"
710,"Salm",400.2,5563,0.81316,1.02427,1.17893,"G|2|V"
9034,"Thalassa's Shroud",173.5,5525,0.98713,1.11483,1.20045,"G|2|V"
9928,"Hikari Gaze",302.9,2598,0.16559,0.29809,0.04897,"M|2|V"
7074,"Canopus",79.067,5686,0.98595,1.02721,0.66714,"G|2|V"
937,"Cosmic Whispers",17.79,2680,0.19803,0.17077,0.02741,"M|3|V"
177,"Rigil Kentaurus",38.6,3745,0.52205,0.89532,0.33649,"K|5|V"
123,"Dofida",747,3448,0.12769,0.15096,0.02942,"M|1|V"
3456,"Hikari Nebula",919.92,3113,0.31419,0.68216,0.04594,"M|3|V"
8927,"Citalá",443,2632,0.43245,0.57008,0.05087,"M|5|V"
8409,"Uchū",321.9,2667,0.21001,0.67172,0.0113,"M|3|V"
4077,"Galehelm",507.94,4127,0.49048,0.78415,0.47567,"K|3|V"
9028,"Menkent",683.062,2695,0.29326,0.37622,0.02198,"M|3|V"
3659,"Bosona",12.72,2689,0.22982,0.02402,0.0225,"M|2|V"
6485,"Alioth",1035.2,3017,0.18885,0.64613,0.0044,"M|3|V"
2006,"Kawa",39.4,2690,0.1501,0.06641,0.07121,"M|4|V"
460,"Ukdah",145.701,3014,0.22652,0.54718,0.03807,"M|2|V"
8320,"Starglow Haven",592.733,3757,0.76768,0.91688,0.14673,"K|5|V"
3067,"Libertas",945.775,3778,0.54462,0.86347,0.58215,"K|5|V"
5758,"Kurhah",890.076,2579,0.25622,0.5248,0.06668,"M|4|V"
7132,"Galaxy Prism",54.4,3380,0.11897,0.67809,0.02969,"M|0|V"
5492,"Nebulonara",162.768,2823,0.24729,0.03449,0.03731,"M|4|V"
7515,"Imai",1240,4218,0.52402,0.74562,0.51978,"K|5|V"
7330,"Sadalmelik",1162.25,2987,0.27586,0.36415,0.06077,"M|1|V"
7422,"Atik",887.81,2595,0.41706,0.63897,0.0028,"M|2|V"
8247,"Solaris Cascade",441.93,2430,0.22433,0.63801,0.03997,"M|3|V"
8069,"Piautos",134.61,3389,0.15377,0.15909,0.06912,"M|0|V"
5549,"Azmidi",165.72,3504,0.4146,0.29056,0.03954,"M|0|V"
5368,"Alkalurops",24.3056,3980,0.57545,0.71905,0.25911,"K|3|V"
171,"Stellarnox",162.408,4438,0.75816,0.89614,0.51912,"K|2|V"
1188,"Sumi Cascade",1017.85,5444,0.96284,0.98631,0.72534,"G|5|V"
720,"Hannya Cosmos",1178.83,2432,0.16896,0.08436,0.02012,"M|8|V"
5209,"Hayabusa Nexus",593.472,2562,0.26192,0.45375,0.01949,"M|6|V"
8399,"Nebula Obscura",403.66,2453,0.33051,0.05156,0.03762,"M|6|V"
904,"Naledi",35.49,2841,0.43765,0.01836,0.05196,"M|5|V"
349,"Kawa Enigma",371.4,4506,0.68816,0.82353,0.32579,"K|2|V"
67,"Karaka",1340,2437,0.36165,0.48689,0.01846,"M|6|V"
8385,"Angetenar",344,2429,0.11911,0.14679,0.05514,"M|4|V"
4752,"Alterf",1010.61,3002,0.11102,0.47002,0.04337,"M|2|V"
332,"Brimwarden",706.14,4077,0.727,0.74069,0.17032,"K|6|V"
308,"Kasumi",694.734,2492,0.10334,0.44065,0.02518,"M|8|V"
9463,"Unurgunite",1440.75,4801,0.70149,0.93724,0.11906,"K|0|V"
1708,"Ascella",973.33,3778,0.6712,0.83655,0.50446,"K|5|V"
1576,"Sadalbari",1323.46,2847,0.4416,0.16579,0.01437,"M|3|V"
9614,"Tuiren",23.62,3548,0.25166,0.14197,0.03622,"M|0|V"
1135,"Fjellstone",41.0014,2840,0.2128,0.23896,0.04818,"M|3|V"
1324,"Timir",68.4,2717,0.42016,0.56408,0.05258,"M|6|V"
8089,"Ninja's Horizon",392.739,2879,0.37344,0.34614,0.03674,"M|2|V"
9394,"Solarflarex",844.99,3938,0.51687,0.76203,0.38323,"K|5|V"
39,"Koi Horizon",392.711,3094,0.08353,0.3157,0.06133,"M|2|V"
9353,"Abyssal Echoes",497,2728,0.34224,0.51887,0.07249,"M|4|V"
1088,"Seishin",567.891,2679,0.30652,0.32401,0.01626,"M|5|V"
2603,"Segin",2740,5211,0.86848,0.99695,1.18884,"G|2|V"
6355,"Quantum Mirage",211.4,4126,0.56255,0.77323,0.18627,"K|6|V"
7014,"Phantara",261.602,2475,0.13423,0.22924,0.01815,"M|0|V"
9821,"Solaraether",1183.85,2723,0.27898,0.58777,0.01408,"M|5|V"
2785,"Alasia",1771.31,2474,0.43409,0.06732,0.06307,"M|5|V"
9600,"Nyxian Whispers",583.6,4311,0.76304,0.89908,0.58614,"K|3|V"
960,"Yugure Radiance",10.26,2494,0.16106,0.10821,0.02468,"M|5|V"
37,"Kaus Borealis",7.704,3236,0.20183,0.32531,0.05871,"M|3|V"
2048,"Larawag",891.55,2980,0.13637,0.03679,0.03953,"M|4|V"
4824,"Sekhmet's Resonance",110.22,5354,0.85749,1.14974,1.07038,"G|5|V"
7195,"Tenshi Echoes",64.7178,2642,0.42409,0.6382,0.0207,"M|5|V"
7244,"Talitha",93,2514,0.31963,0.26672,0.07547,"M|3|V"
2769,"Nefertiti's Nebula",19.75,5429,0.85353,0.96669,1.06475,"G|2|V"
6334,"Mimosa",440.5,4471,0.63132,0.74796,0.54248,"K|0|V"
1746,"Meissa",83.5,4175,0.68792,0.91262,0.57315,"K|2|V"
3076,"Kasai Ember",445.058,2878,0.10375,0.04608,0.01828,"M|5|V"
3090,"Pyramid Radiance",243.23,2439,0.09916,0.11653,0.06467,"M|8|V"
6281,"Kiseki Expanse",67.61,3153,0.28131,0.63066,0.02517,"M|2|V"
1255,"Astromara",284.3,4519,0.78386,0.8639,0.17074,"K|3|V"
5126,"Absolutno",361.857,2742,0.30614,0.45879,0.07468,"M|3|V"
9212,"Siriusnova",269.21,4170,0.53944,0.74229,0.19366,"K|1|V"
999,"Pollux",687.9,4073,0.50233,0.75287,0.13587,"K|2|V"
4198,"Ronin's Cascade",946.79,2402,0.27921,0.07925,0.06236,"M|2|V"
6201,"Solarionis",366.421,4220,0.78188,0.93784,0.17798,"K|5|V"
1536,"Komorebi Cascade",1732.91,4141,0.54595,0.7675,0.28794,"K|3|V"
9656,"Biham",13,3705,0.46743,0.7017,0.11512,"K|2|V"
6243,"Ainalrami",1562.99,3727,0.63781,0.79964,0.2678,"K|3|V"
3581,"Tesserara",428.785,5264,0.85616,1.05959,1.32266,"G|4|V"
8288,"Quasarionix",249.56,3821,0.79698,0.88008,0.18888,"K|7|V"
2103,"Amaterasu Mirage",695.991,4007,0.71242,0.88038,0.45348,"K|5|V"
8825,"Lotus Echo",889.64,2507,0.26665,0.67257,0.01318,"M|2|V"
3002,"Unukalhai",309.329,2538,0.39316,0.29489,0.02734,"M|3|V"
2989,"Zypheria",677.048,3021,0.2869,0.22024,0.02761,"M|2|V"
528,"Quasar Seraph",480,2681,0.28995,0.53819,0.05269,"M|3|V"
4356,"Veritate",1067.92,2723,0.42048,0.04649,0.00643,"M|5|V"
7914,"Gacrux",513.452,3023,0.1015,0.58292,0.02256,"M|4|V"
7078,"Orion's Echo",1354.83,2533,0.25537,0.52745,0.03193,"M|2|V"
5102,"Shogun's Echo",710,5383,0.94241,1.11913,1.15591,"G|5|V"
8370,"Tarazed",114.29,2493,0.13608,0.51695,0.07318,"M|5|V"
9794,"Cleopatra's Resonance",60.1977,3164,0.29351,0.40427,0.07532,"M|3|V"
747,"Sora Seraph",1061.91,2715,0.35125,0.47057,0.02316,"M|3|V"
8768,"Spectral Serenity",638.17,2440,0.14205,0.28895,0.06887,"M|7|V"
2749,"Zosma",7.61778,3001,0.21771,0.10863,0.05199,"M|3|V"
5568,"Menkib",1571.34,5248,0.81495,1.04613,1.46437,"G|2|V"
9759,"Mizar",64.98,3107,0.30046,0.22561,0.07196,"M|1|V"
4760,"Kiri Horizon",1032.1,2666,0.31476,0.15359,0.00102,"M|3|V"
3059,"Orion's Gaze",33.05,2857,0.16865,0.46469,0.03166,"M|3|V"
7995,"Sāmaya",1119.7,4976,0.51739,0.71872,0.23878,"K|0|V"
9846,"Alruba",673.809,2445,0.20769,0.06493,0.05226,"M|8|V"
6004,"Albali",461.51,2545,0.35859,0.02755,0.0583,"M|4|V"
8849,"Cassioflux",566.251,3876,0.59593,0.73745,0.41395,"K|7|V"
9090,"Eonix",1847.75,3989,0.56132,0.85062,0.23836,"K|3|V"
9392,"Hinotori Whispers",272.73,4144,0.68609,0.81933,0.22915,"K|0|V"
9423,"Brimstone",7600,3833,0.76278,0.81383,0.17663,"K|7|V"
6427,"Ancha",50.1677,3721,0.5773,0.9159,0.24511,"K|7|V"
33,"Kurai Veil",862.887,3070,0.42751,0.41499,0.07367,"M|2|V"
5044,"Siriusith",771.7,3176,0.08541,0.18888,0.00936,"M|2|V"
7846,"Amun-Ra Mirage",499.027,2825,0.44916,0.46151,0.03185,"M|1|V"
6879,"Lunar Mirage",140,2961,0.12074,0.66289,0.01761,"M|5|V"
8188,"Ankh Horizon",29.69,3067,0.16484,0.53516,0.06163,"M|3|V"
5090,"Hunahpú",439.8,2663,0.15121,0.58786,0.00992,"M|2|V"
8603,"Cosmic Gaze",287.117,4098,0.6632,0.71594,0.26987,"K|2|V"
9757,"Yed Posterior",234.7,5487,0.87742,1.13719,1.43039,"G|4|V"
2362,"Irena",499.51,2982,0.41342,0.31916,0.05854,"M|2|V"
3607,"Orion's Haven",1107.98,3019,0.15225,0.60217,0.01639,"M|4|V"
493,"Lunarisys",1518.14,5598,0.9963,1.08859,0.86964,"G|2|V"
9660,"Illyrian",390,2503,0.12818,0.08982,0.03251,"M|5|V"
5878,"Whispering Cosmos",6800,5221,0.93909,1.0337,0.77754,"G|2|V"
4883,"Seth's Enigma",382.088,2427,0.31607,0.49236,0.01285,"M|8|V"
2911,"Cleopatra's Expanse",804.246,3452,0.17912,0.38216,0.04918,"M|1|V"
9430,"Mikado Serenity",368,3816,0.67179,0.75353,0.14214,"K|5|V"
8997,"Thoth's Radiance",1332.09,3037,0.3395,0.17558,0.07006,"M|2|V"
7857,"Nebularian",314.09,3050,0.26469,0.50131,0.02421,"M|1|V"
8277,"Scarabian Horizon",765.99,2415,0.42734,0.0265,0.04771,"M|5|V"
6223,"Xihe",864.68,3363,0.18435,0.42949,0.06861,"M|2|V"
3760,"Tianyi",860,3902,0.45615,0.87351,0.22232,"K|5|V"
3204,"Cosmic Shadows",11.8186,4059,0.75714,0.88623,0.47182,"K|6|V"
233,"Errai",786.473,2553,0.35726,0.64408,0.07721,"M|2|V"
6887,"Wyrmslayer",271.9,3779,0.75027,0.83175,0.16975,"K|2|V"
151,"Nebulous Enigma",53.622,2929,0.20509,0.59977,0.07828,"M|1|V"
9376,"Alzirr",1082.02,2585,0.08462,0.38446,0.00225,"M|2|V"
7384,"Asellus Australis",25.88,4372,0.66475,0.87192,0.59851,"K|3|V"
4337,"Astral Echo",359.439,3157,0.1382,0.27235,0.009,"M|2|V"
1403,"Eaglecrest",175.113,3213,0.326,0.38877,0.02219,"M|2|V"
5506,"Mebsuta",1670.84,4105,0.70854,0.75565,0.1068,"K|5|V"
8341,"Nervia",393,4698,0.51361,0.92641,0.47455,"K|3|V"
8892,"Frostfang",13.602,2456,0.17935,0.48108,0.05164,"M|3|V"
4005,"Ravenshadow",154.56,5588,0.99,1.00732,1.2982,"G|4|V"
5462,"Spectral Threshold",418.58,2991,0.2113,0.23921,0.05358,"M|4|V"
3632,"Rōka",1240.69,2838,0.32407,0.18778,0.0172,"M|2|V"
9738,"Aldebaran",46.6224,4086,0.60518,0.89096,0.18886,"K|2|V"
7575,"Tania Borealis",465.992,3103,0.19957,0.50444,0.00028,"M|3|V"
9721,"Geisha's Mirage",1386.19,2511,0.20497,0.25597,0.01269,"M|7|V"
1149,"Lunarianth",84,2543,0.19373,0.64368,0.05668,"M|8|V"
9184,"Obelisk Whisper",6.49,3340,0.08592,0.63183,0.0482,"M|0|V"
8620,"Igniflux",18.21,3285,0.20338,0.63373,0.075,"M|2|V"
6924,"Nemea Residue",277.899,2845,0.3391,0.19565,0.02976,"M|5|V"
5442,"Astroflux",405,2796,0.42431,0.20879,0.01769,"M|3|V"
9989,"Stellarastra",824.81,2651,0.32638,0.66378,0.05739,"M|7|V"
3717,"Zephyriax",266.23,4241,0.56327,0.80948,0.32017,"K|0|V"
8788,"Matar",642.467,2864,0.3109,0.22343,0.03609,"M|4|V"
9421,"Horna",145,3729,0.46917,0.75524,0.27766,"K|5|V"
8197,"Cassionix",283.53,4078,0.77186,0.71816,0.25031,"K|5|V"
9508,"Torii Shadows",320.287,2903,0.25294,0.2073,0.02829,"M|1|V"
1683,"Obelisk Beacon",129,3364,0.38378,0.65109,0.03411,"M|1|V"
5164,"Amadioha",437,3052,0.24399,0.03677,0.03904,"M|4|V"
500,"Gomeisa",212.3,3373,0.21446,0.17039,0.04494,"M|2|V"
3850,"Alsephina",622,3144,0.30808,0.47853,0.01934,"M|3|V"
1561,"Muphrid",1188.84,5775,0.82114,1.07416,0.75991,"G|2|V"
8442,"Belel",338.19,2643,0.24713,0.33073,0.00137,"M|2|V"
1272,"Fawaris",271,2497,0.21042,0.22904,0.06603,"M|8|V"
8156,"Inazuma Shadows",1219.23,2728,0.3807,0.50291,0.03608,"M|3|V"
5323,"Hoggar",299.104,3596,0.35832,0.41987,0.00926,"M|0|V"
539,"Riftwarder",362.1,3350,0.0898,0.24034,0.06598,"M|2|V"
1076,"Grimclaw",339.3627,2830,0.4148,0.48974,0.0299,"M|6|V"
810,"Infinite Whispers",158.8,2668,0.21816,0.22881,0.04848,"M|0|V"
4553,"Geisha's Whisper",879.43,3393,0.40348,0.14233,0.03937,"M|2|V"
8424,"Vermilion Expanse",1910.77,3026,0.39019,0.46244,0.04065,"M|1|V"
4677,"Skaldspark",186.88,2548,0.27472,0.24923,0.04911,"M|4|V"
9799,"Cursa",800.07,2840,0.29582,0.23258,0.079,"M|5|V"
7106,"Sakura's Silence",6320,4129,0.6326,0.77107,0.11518,"K|1|V"
587,"Caph",804.74,4451,0.48745,0.90554,0.10608,"K|2|V"
7266,"Tangra",52,4161,0.7851,0.79527,0.21385,"K|2|V"
3359,"Sheliak",1220.7,3789,0.50943,0.83629,0.53494,"K|5|V"
9344,"Sarin",1277.32,3623,0.32303,0.17328,0.04773,"M|0|V"
7703,"Mirzam",926,2636,0.08444,0.23651,0.03802,"M|3|V"
7892,"Pharaoh's Silence",252,2457,0.20633,0.40233,0.01173,"M|2|V"
306,"Astrobix",55.6,2455,0.21537,0.3058,0.02203,"M|2|V"
7253,"Vortexian",532.42,3115,0.23144,0.16109,0.00103,"M|2|V"
4413,"Amaterasu",802.053,2997,0.27483,0.06454,0.00199,"M|2|V"
2130,"Dracozen",3.587,2937,0.24553,0.45667,0.03418,"M|5|V"
2624,"Frostgale",945.626,4596,0.50492,0.7353,0.22689,"K|3|V"
514,"Aegis Cryptic",466.114,3801,0.75095,0.87841,0.1413,"K|5|V"
3089,"Samurai's Veil",88.02,2518,0.14556,0.524,0.07235,"M|7|V"
4815,"Lunacraze",710.227,2681,0.37403,0.6972,0.04617,"M|1|V"
9971,"Alula Borealis",828.844,3459,0.30803,0.47337,0.06387,"M|1|V"
2940,"Astrum Cryptic",63,4185,0.49568,0.78703,0.51026,"K|2|V"
8705,"Tania Australis",278.2,4167,0.50408,0.80942,0.11527,"K|2|V"
7986,"Helionara",339.605,4566,0.7238,0.72664,0.5251,"K|2|V"
676,"Tsukiyo",5400,3211,0.35198,0.0987,0.04051,"M|2|V"
5512,"Ryusei",78.9,2432,0.34284,0.67983,0.04992,"M|2|V"
5923,"Torcular",1139.98,4269,0.61828,0.91278,0.18947,"K|2|V"
3411,"Darkonix",6.97,2687,0.44086,0.11462,0.07609,"M|3|V"
9695,"Elysian Nebula",3.29,2403,0.19174,0.2619,0.06317,"M|6|V"
5005,"Fjordfall",43.03,4697,0.66004,0.70224,0.41783,"K|3|V"
8473,"Tejat",516.78,2791,0.2969,0.52966,0.05548,"M|4|V"
4713,"Tonatiuh",408.845,2499,0.23282,0.26735,0.07737,"M|0|V"
9760,"Propus",109.86,3001,0.11842,0.62117,0.05593,"M|2|V"
8554,"Betelgeuse",1054.74,2944,0.19738,0.20709,0.05442,"M|1|V"
4853,"Antares",701,5257,0.95715,1.14291,1.1621,"G|5|V"
3300,"Montuno",921.234,5420,0.89359,1.14715,0.74968,"G|5|V"
172,"Sora",518.4,2695,0.33518,0.44524,0.02362,"M|5|V"
2315,"Kaze",30.686,3860,0.65565,0.73862,0.40128,"K|5|V"
2543,"Starlight Whisper",364.9,4772,0.48105,0.92432,0.45299,"K|2|V"
6785,"Cryptic Mirage",9.42,2761,0.43081,0.41517,0.0542,"M|0|V"
820,"Bonsai Gaze",23.28,2467,0.25188,0.07264,0.03091,"M|5|V"
817,"Násti",2970,2589,0.10922,0.63446,0.07864,"M|7|V"
9482,"Stormweaver",2472.8,2401,0.14664,0.17395,0.07406,"M|3|V"
3965,"Elgafar",344.01,2959,0.41188,0.68875,0.0515,"M|3|V"
3718,"Stoneshaper",162.306,3991,0.48083,0.80538,0.2452,"K|7|V"
8689,"Astroth",1431,2795,0.28286,0.60525,0.07559,"M|5|V"
9737,"Solstara",9.1,2400,0.34079,0.29741,0.04998,"M|0|V"
6593,"Ronin's Enigma",1050.75,5584,1.03675,0.99545,0.67048,"G|4|V"
8960,"Petra",771.43,4089,0.48719,0.83778,0.25299,"K|5|V"
1486,"Sakura's Labyrinth",1245.1749,5435,0.87573,1.02524,1.48501,"G|5|V"
6861,"Alkaphrah",98.4,3017,0.44281,0.39568,0.02826,"M|2|V"
6628,"Ain",601.22,3270,0.08089,0.13009,0.02897,"M|2|V"
5754,"Thunderforge",714.082,2545,0.30857,0.29373,0.01442,"M|6|V"
8824,"Cujam",968.054,3716,0.54973,0.71437,0.10738,"K|5|V"
1619,"Hamal",20.6,3107,0.14753,0.39318,0.067,"M|4|V"
1093,"Spectral Veil",351,2467,0.13033,0.10013,0.00565,"M|6|V"
4964,"Terebellum",65.7,3979,0.62785,0.81208,0.31233,"K|0|V"
6474,"Thuban",1305.31,3227,0.31274,0.35903,0.01554,"M|1|V"
5970,"Chertan",970.497,3952,0.72974,0.87991,0.25816,"K|7|V"
6806,"Horus' Ascendance",425.5,3816,0.4913,0.95096,0.5882,"K|6|V"
9506,"Skyforged",1536.57,2525,0.20664,0.09438,0.042,"M|5|V"
6180,"Aniara",821.828,3536,0.31738,0.2599,0.03984,"M|1|V"
9898,"Abyssal Mirage",456.33,4433,0.61856,0.71038,0.14454,"K|3|V"
2854,"Axeheart",30.5,4646,0.78856,0.91417,0.35157,"K|2|V"
9243,"Cocibolca",63.1,5470,1.006,0.99006,0.61275,"G|4|V"
7107,"Diya",772.8,3729,0.53605,0.78486,0.32347,"K|7|V"
4886,"Hanabi",1114,3776,0.6059,0.90104,0.53644,"K|2|V"
2255,"Zenithariana",971.723,5397,0.98123,0.99282,1.33059,"G|4|V"
4099,"Quasar Nova",360,3059,0.23415,0.69661,0.02717,"M|4|V"
3459,"Nebulithra",347.45,2654,0.33771,0.59825,0.03691,"M|2|V"
4200,"Nova Prism",470.92,4808,0.79821,0.95203,0.57101,"K|2|V"
5629,"Aspidiske",20,4310,0.66813,0.86211,0.566,"K|3|V"
2227,"Lygos Veil",962.92,4595,0.60799,0.81943,0.34099,"K|2|V"
4559,"Muliphein",2.31,2422,0.41834,0.6688,0.0443,"M|2|V"
7795,"Pulsar Radiance",35.9098,3233,0.33181,0.62549,0.01877,"M|2|V"
2398,"Nihal",443.8,3081,0.18371,0.35301,0.04393,"M|0|V"
9824,"Kochab",341.22,4490,0.78122,0.94944,0.16954,"K|0|V"
4072,"Beemim",182.207,3072,0.11202,0.32096,0.05562,"M|1|V"
3458,"Pharaoh's Veil",530,3249,0.22948,0.58319,0.01214,"M|3|V"
1805,"Isis' Celestial",840,3236,0.40741,0.38544,0.00877,"M|3|V"
3394,"Cor Caroli",1585.04,3466,0.38727,0.45493,0.02502,"M|0|V"
1333,"Bastet's Mirage",4230,2979,0.35376,0.39493,0.0522,"M|2|V"
4612,"Shama",605.631,2435,0.30038,0.07783,0.02089,"M|4|V"
6321,"Tsuki's Beacon",778.998,3210,0.12563,0.11291,0.0683,"M|3|V"
5735,"Vesperian Crypt",47.1,2464,0.37979,0.1532,0.07942,"M|3|V"
7765,"Mothallah",234.1,3221,0.24236,0.53738,0.07811,"M|1|V"
9108,"Celaeno",763.85,2718,0.44811,0.11698,0.02215,"M|6|V"
4131,"Spectronix",1544,3715,0.68474,0.84675,0.20031,"K|5|V"
3369,"Ra's Ascendance",8200,2998,0.31371,0.08906,0.03344,"M|3|V"
5392,"Bastet's Horizon",295.293,3879,0.46881,0.7588,0.47233,"K|7|V"
2248,"Nebulonix",577.934,3139,0.23185,0.26182,0.0519,"M|3|V"
5169,"Shogun's Loom",441.813,4587,0.54297,0.90376,0.10843,"K|2|V"
3191,"Seginus",577.267,4432,0.61865,0.72527,0.45362,"K|3|V"
3009,"Hannya's Silence",804,3282,0.10538,0.69533,0.01664,"M|1|V"
3481,"Umbral Silence",556.266,2816,0.43562,0.57257,0.0348,"M|2|V"
9162,"Nocturne Echo",1095.53,4070,0.61443,0.90848,0.56343,"K|3|V"
5556,"Proxima Centauri",122,2889,0.28567,0.56132,0.05254,"M|5|V"
9606,"Kraz",658.501,3054,0.29226,0.34675,0.06229,"M|3|V"
8781,"Hanami Echo",742.16,3409,0.33208,0.69674,0.07193,"M|2|V"
6141,"Scheat",960.246,4738,0.67107,0.91507,0.19464,"K|2|V"
1227,"Castor",101.95,3258,0.34421,0.53296,0.00979,"M|1|V"
6380,"Snowstrider",785.94,2524,0.36953,0.00181,0.03016,"M|1|V"
1777,"Taika",44.9,2620,0.09794,0.50142,0.00499,"M|5|V"
4304,"Mönch",1355.75,4001,0.58814,0.93553,0.32799,"K|5|V"
5842,"Ignitionix",217.165,3758,0.73987,0.86036,0.50994,"K|0|V"
3387,"Enishi Resonance",867.94,5295,1.02989,1.05058,0.8618,"G|4|V"
1661,"Ma'at's Cascade",942.863,2623,0.12421,0.41187,0.02679,"M|2|V"
4592,"Auroraflame",1100,3354,0.32195,0.63033,0.0383,"M|1|V"
5778,"Yami Silence",23.66,4072,0.65112,0.81403,0.4115,"K|5|V"
6857,"Umbral Depths",414.4,2837,0.34423,0.03299,0.00233,"M|2|V"
9000,"Fjordr",269.2,2476,0.17067,0.44179,0.06945,"M|8|V"
3003,"Eternal Murmurs",41.9176,4723,0.49794,0.84504,0.51349,"K|2|V"
7782,"Galactic Prism",69,2579,0.26393,0.15092,0.05154,"M|5|V"
132,"Astral Serenity",1314.51,3960,0.69036,0.84646,0.5637,"K|0|V"
2778,"Felis",522.22,3103,0.30159,0.06253,0.06025,"M|4|V"
8938,"Celestial Echo",486.174,4120,0.70288,0.86668,0.47819,"K|6|V"
1036,"Galaxaraith",488.45,3833,0.60645,0.93976,0.39702,"K|6|V"
3591,"Alkaid",74,3959,0.68257,0.74297,0.55416,"K|2|V"
